{
    "providers": [
        {"type": "bitmap", "file": "minecraft:gui/genblock/blank.png","ascent": -2000,"height": -3,"chars": ["七"]},
        {"type": "bitmap", "file": "minecraft:gui/genblock/upgrades.png","ascent": 26, "height": 140, "chars": ["ㇴ"]},
        {"type": "bitmap", "file": "minecraft:gui/genblock/magical.png","ascent": 26, "height": 140, "chars": ["ㇵ"]},
        {"type": "bitmap", "file": "minecraft:gui/genblock/normal.png","ascent": 26, "height": 140, "chars": ["ㇷ"]},
        {"type": "bitmap", "file": "minecraft:gui/genblock/legendary.png","ascent": 26, "height": 140, "chars": ["ㇸ"]},
        {"type": "bitmap", "file": "minecraft:gui/genblock/gifts.png","ascent": 26, "height": 140, "chars": ["ㇶ"]},
        {"type": "bitmap", "file": "minecraft:gui/genblock/animations.png","ascent": 26, "height": 140, "chars": ["ㇹ"]},
        {"type": "bitmap", "file": "minecraft:gui/genblock/multiboxes.png","ascent": 26, "height": 140, "chars": ["ㇺ"]},
        {"type": "bitmap", "file": "minecraft:gui/genblock/craft.png","ascent": 26, "height": 140, "chars": ["ㇻ"]},
        {"type": "bitmap", "file": "minecraft:gui/genblock/vault.png","ascent": 26, "height": 140, "chars": ["ㇼ"]},
        {"type": "bitmap", "file": "minecraft:gui/genblock/cosmetics.png","ascent": 26, "height": 140, "chars": ["ㇽ"]},
        {"type": "bitmap", "file": "minecraft:gui/genblock/shop.png","ascent": 26, "height": 140, "chars": ["㈋"]},
        {"type": "bitmap", "file": "minecraft:gui/genblock/caveupgrades.png","ascent": 26, "height": 140, "chars": ["임"]},
        {"type": "bitmap", "file": "minecraft:gui/genblock/achievements.png","ascent": 26, "height": 140, "chars": ["㈊"]},
        {"type": "bitmap", "file": "minecraft:gui/genblock/confirm.png","ascent": 26, "height": 140, "chars": ["ㇾ"]},
        {"type": "bitmap", "file": "minecraft:gui/genblock/generatorupgrades.png","ascent": 26, "height": 140, "chars": ["몽"]},
        {"type": "bitmap", "file": "minecraft:gui/genblock/generators.png","ascent": 26, "height": 140, "chars": ["㈀"]},
        {"type": "bitmap", "file": "minecraft:gui/genblock/generator.png","ascent": 26, "height": 140, "chars": ["후"]},
        {"type": "bitmap", "file": "minecraft:gui/genblock/daily.png","ascent": 26, "height": 140, "chars": ["㈁"]},
        {"type": "bitmap", "file": "minecraft:gui/genblock/prefixes.png","ascent": 26, "height": 140, "chars": ["㈂"]},
        {"type": "bitmap", "file": "minecraft:gui/genblock/opening.png","ascent": 26, "height": 140, "chars": ["㈃"]},
        {"type": "bitmap", "file": "minecraft:gui/genblock/kits.png","ascent": 26, "height": 140, "chars": ["㈄"]},
        {"type": "bitmap", "file": "minecraft:gui/genblock/tools.png","ascent": 26, "height": 140, "chars": ["다"]},
        {"type": "bitmap", "file": "minecraft:gui/genblock/settings.png","ascent": 26, "height": 140, "chars": ["㈅"]},
        {"type": "bitmap", "file": "minecraft:gui/genblock/island.png","ascent": 26, "height": 140, "chars": ["㈆"]},
        {"type": "bitmap", "file": "minecraft:gui/genblock/auctions.png","ascent": 26, "height": 140, "chars": ["㈇"]},
        {"type": "bitmap", "file": "minecraft:gui/genblock/select.png","ascent": 26, "height": 140, "chars": ["㈈"]},
        {"type": "bitmap", "file": "minecraft:gui/genblock/items.png","ascent": 26, "height": 140, "chars": ["㈉"]},
        {"type": "bitmap", "file": "minecraft:gui/genblock/warps.png","ascent": 26, "height": 140, "chars": ["㈒"]},
        {"type": "bitmap", "file": "minecraft:gui/genblock/warpfarms.png","ascent": 26, "height": 140, "chars": ["취"]},
        {"type": "bitmap", "file": "minecraft:gui/genblock/warplogs.png","ascent": 26, "height": 140, "chars": ["탄"]},
        {"type": "bitmap", "file": "minecraft:gui/genblock/ranks.png","ascent": 26, "height": 140, "chars": ["㈓"]},
        {"type": "bitmap", "file": "minecraft:gui/genblock/homes.png","ascent": 26, "height": 140, "chars": ["하"]},
        {"type": "bitmap", "file": "minecraft:gui/genblock/colors.png","ascent": 26, "height": 140, "chars": ["집"]},
        {"type": "bitmap", "file": "minecraft:gui/genblock/top.png","ascent": 26, "height": 140, "chars": ["뜻"]},
        {"type": "bitmap", "file": "minecraft:gui/genblock/islandbuildconfirm.png","ascent": 26, "height": 140, "chars": ["주"]},
        {"type": "bitmap", "file": "minecraft:gui/genblock/cavebuyconfirm.png","ascent": 26, "height": 140, "chars": ["붕"]},
        {"type": "bitmap", "file": "minecraft:gui/genblock/selectcave.png","ascent": 26, "height": 140, "chars": ["는"]},
        {"type": "bitmap", "file": "minecraft:gui/genblock/clantagcolors.png","ascent": 26, "height": 140, "chars": ["화"]},
        {"type": "bitmap", "file": "minecraft:gui/genblock/confirmbuy.png","ascent": 26, "height": 140, "chars": ["로"]},
        {"type": "bitmap", "file": "minecraft:gui/genblock/dungeonshelp.png","ascent": 26, "height": 140, "chars": ["끌"]},
        {"type": "bitmap", "file": "minecraft:gui/genblock/helpgui.png","ascent": 26, "height": 140, "chars": ["어"]},
        {"type": "bitmap", "file": "minecraft:gui/genblock/refinerybuy.png","ascent": 26, "height": 140, "chars": ["오"]},
        {"type": "bitmap", "file": "minecraft:gui/genblock/refinerygui.png","ascent": 26, "height": 140, "chars": ["역"]},
        {"type": "bitmap", "file": "minecraft:gui/genblock/sellchestgui.png","ascent": 26, "height": 140, "chars": ["을"]},
        {"type": "bitmap", "file": "minecraft:gui/genblock/toolselect.png","ascent": 26, "height": 140, "chars": ["한"]},
        {"type": "bitmap", "file": "minecraft:animation/1.png","ascent": 100,"height": 200,"chars": ["是"]},
        {"type": "bitmap", "file": "minecraft:animation/2.png","ascent": 100,"height": 200,"chars": ["的"]},
        {"type": "bitmap", "file": "minecraft:animation/3.png","ascent": 100,"height": 200,"chars": ["常"]},
        {"type": "bitmap", "file": "minecraft:animation/4.png","ascent": 100,"height": 200,"chars": ["义"]},
        {"type": "bitmap", "file": "minecraft:animation/5.png","ascent": 100,"height": 200,"chars": ["点"]},
        {"type": "bitmap", "file": "minecraft:animation/6.png","ascent": 100,"height": 200,"chars": ["相"]},
        {"type": "bitmap", "file": "minecraft:animation/7.png","ascent": 100,"height": 200,"chars": ["之"]},
        {"type": "bitmap", "file": "minecraft:animation/8.png","ascent": 100,"height": 200,"chars": ["交"]},
        {"type": "bitmap", "file": "minecraft:animation/9.png","ascent": 100,"height": 200,"chars": ["看"]},
        {"type": "bitmap", "file": "minecraft:titles/common.png","ascent": 9, "height": 9, "chars": ["样"]},
        {"type": "bitmap", "file": "minecraft:titles/rare.png","ascent": 9, "height": 9, "chars": ["古"]},
        {"type": "bitmap", "file": "minecraft:titles/epic.png","ascent": 9, "height": 9, "chars": ["睛"]},
        {"type": "bitmap", "file": "minecraft:titles/legendary.png","ascent": 9, "height": 9, "chars": ["表"]},
        {"type": "bitmap", "file": "minecraft:gui/fullscreen.png","ascent": 100, "height": 1000, "chars": ["大"]},
        {"type": "bitmap", "file": "minecraft:font/spaces.png", "ascent": -5000, "height": -3, "chars": ["트"]},
        {"type": "bitmap", "file": "minecraft:font/spaces.png", "ascent": -5000, "height": -7, "chars": ["은"]},
        {"type": "bitmap", "file": "minecraft:font/spaces.png", "ascent": -5000, "height": -10, "chars": ["소"]},
        {"type": "bitmap", "file": "minecraft:font/spaces.png", "ascent": -5000, "height": -130, "chars": ["야"]},
        {"type": "bitmap", "file": "minecraft:font/backgrounds/b0.png", "ascent": 11, "height": 14, "chars": ["보"]},
        {"type": "bitmap", "file": "minecraft:font/backgrounds/b2.png", "ascent": 11, "height": 14, "chars": ["자"]},
        {"type": "bitmap", "file": "minecraft:font/backgrounds/b4.png", "ascent": 11, "height": 14, "chars": ["사"]},
        {"type": "bitmap", "file": "minecraft:font/backgrounds/b8.png", "ascent": 11, "height": 14, "chars": ["이"]},
        {"type": "bitmap", "file": "minecraft:font/backgrounds/b128.png", "ascent": 11, "height": 14, "chars": ["딸"]},
        {"type": "bitmap", "file": "minecraft:font/backgrounds/b0.png", "ascent": 11, "height": 14, "chars": ["북"]},
        {"type": "bitmap", "file": "minecraft:font/icons/coins.png", "ascent": 10, "height": 12, "chars": ["수"]},
        {"type": "bitmap", "file": "minecraft:font/icons/time.png", "ascent": 10, "height": 12, "chars": ["리"]},
        {"type": "bitmap", "file": "minecraft:font/icons/gems.png", "ascent": 10, "height": 12, "chars": ["장"]},
        {"type": "bitmap", "file": "minecraft:font/icons/generators.png", "ascent": 10, "height": 12, "chars": ["상"]},
        {"type": "bitmap", "file": "minecraft:font/icons/boost.png", "ascent": 10, "height": 12, "chars": ["게"]}
    ]
}